,Most Common KW,KW Freq,Bigrams,Bigram Freq
0,n,784,music archive,154.0
1,co,673,n n,402.0
2,http,668,live music,19.0
3,music,533,archive n,22.0
4,archive,271,http co,668.0
5,sound,106,music http,21.0
6,collection,74,n http,146.0
7,library,71,film sound,15.0
8,sheet,61,free music,8.0
9,song,59,archive http,33.0
10,history,53,archive online,6.0
11,amp,51,digital music,14.0
12,digital,44,dance music,23.0
13,file,42,midi file,29.0
14,free,37,music history,21.0
15,midi,35,history http,7.0
16,data,35,collection http,16.0
17,project,34,music research,15.0
18,dataset,33,sheet music,59.0
19,dance,32,music collection,44.0
20,recording,30,music library,38.0
21,via,30,music n,9.0
22,one,29,library sound,7.0
23,live,28,sound archive,64.0
24,work,27,national film,13.0
25,piano,27,sound recording,7.0
26,audio,25,digital archive,13.0
27,musical,25,music data,19.0
28,year,25,music dataset,11.0
29,research,24,song dataset,18.0
30,film,23,audio file,7.0
31,artist,23,,
32,online,23,,
33,check,23,,
34,national,22,,
